arch,encoder,normalization,pretrained,train_dataset_length,test_dataset_length,parameter_count,inference_time,last_val_loss,last_val_dice,last_val_iou,last_val_train_loss,best_val_loss,best_val_dice,best_val_iou,best_val_train_loss
unet,efficientnet-b0,zscore,scratch,252,1243,6250893,7.830019497871399,0.09491764128879492,0.9053298815161781,0.8418545412230856,0.023087635843290225,0.09491764128879492,0.9053298815161781,0.8418545412230856,0.023087635843290225
unet,efficientnet-b0,zscore,other-dataset,252,1243,6250893,7.632826862335205,0.06818325510690601,0.9291984423071937,0.8768319393105787,0.024520872042529167,0.05127235386919227,0.9503576013222876,0.9097982645993835,0.019498583165899155
unet,efficientnet-b0,zscore,same-dataset,252,1243,6250893,7.71969539642334,0.06763595565314362,0.9365460111168442,0.8913334641644577,0.019559148462518813,0.059721855678964986,0.941736540483642,0.8953793250258086,0.025253803010970827
unet,efficientnet-b1,zscore,scratch,252,1243,8756529,10.468249282836915,0.1645129926964245,0.828442520608081,0.7387424389968835,0.023688600945567326,0.1645129926964245,0.828442520608081,0.7387424389968835,0.023688600945567326
unet,efficientnet-b1,zscore,other-dataset,252,1243,8756529,10.401965417861938,0.06598101660597257,0.9366710360550823,0.8885311048450915,0.021214756759859267,0.0591105746340579,0.9424100624201093,0.8966418801059861,0.02564565677727972
unet,efficientnet-b1,zscore,same-dataset,252,1243,8756529,10.810188808441161,0.04953828518753175,0.9534465110023849,0.9161380674219477,0.02047952873602746,0.04877407841342453,0.9514170490918578,0.9100259326680092,0.037851891997787684
unet,efficientnet-b2,zscore,scratch,252,1243,10045715,12.244385919570924,0.08373280208818584,0.9110535623944774,0.8511389600396252,0.025378887585940816,0.08373280208818584,0.9110535623944774,0.8511389600396252,0.025378887585940816
unet,efficientnet-b2,zscore,other-dataset,252,1243,10045715,11.10372833251953,0.07807754665876912,0.9263131094861203,0.8761182445148643,0.019033150806549996,0.05519462705305864,0.9438284676782757,0.8998057426029122,0.023551846928303203
unet,efficientnet-b2,zscore,same-dataset,252,1243,10045715,12.327536354064941,0.0571647043357141,0.9474168679259616,0.9075594539135958,0.017117030031624295,0.045549933658500685,0.9582782931032434,0.9229680404294812,0.018407318090635633
unet,efficientnet-b3,zscore,scratch,252,1243,13158313,12.137425241470337,0.11169058049722536,0.8831013206119798,0.8075785145870832,0.02246999181807041,0.081612221818726,0.9203116746075386,0.8639703667748866,0.02233552093070651
unet,efficientnet-b3,zscore,other-dataset,252,1243,13158313,11.963728036880493,0.07131405394113745,0.9331717939982948,0.8861564569480939,0.017059158267719404,0.05294258040784351,0.9464073449684934,0.9056110857766383,0.023129162777747427
unet,efficientnet-b3,zscore,same-dataset,252,1243,13158313,11.979591026306153,0.11918546345117872,0.8877374966683546,0.8207100552123876,0.019070380589082128,0.04471609999792094,0.9587570261015397,0.9232481590510374,0.019070545743618692
unet,efficientnet-b4,zscore,scratch,252,1243,20224825,37.65416486740112,0.2034918409820919,0.7857121051748434,0.6762823433235395,0.022463773155496233,0.15151562378086203,0.848276864494514,0.7638266157547697,0.022863122767635753
unet,efficientnet-b4,zscore,other-dataset,252,1243,20224825,43.230739459991455,0.05507248951150636,0.9487716240549126,0.9110929860477954,0.017077165966232617,0.04717056157722266,0.9517723721836424,0.915301523952837,0.025622534757805248
unet,efficientnet-b4,zscore,same-dataset,252,1243,20224825,32.15231750488281,0.045832028383222784,0.9566835002945204,0.92271923040634,0.017179802947101138,0.039174846094026744,0.9616783422898211,0.9288203768066504,0.022824251048621676
unet,mit_b0,zscore,scratch,252,1243,5546353,7.21836290359497,0.06218139145130701,0.9380451272978287,0.8925792302034213,0.02114419195623625,0.05217424896414589,0.946796783975124,0.9034965749910927,0.021312510328633443
unet,mit_b0,zscore,other-dataset,252,1243,5546353,7.101989107131958,0.05526117880979279,0.9462832292048853,0.902642135742875,0.021832981930365637,0.05526117880979279,0.9462832292048853,0.902642135742875,0.021832981930365637
unet,mit_b0,zscore,same-dataset,252,1243,5546353,7.056156463623047,0.24946472415594162,0.7070488131823122,0.5603077179562729,0.1142294274436103,0.15470878898569967,0.8244841023979893,0.7148522709227337,0.13105769526390804
unet,mit_b1,zscore,scratch,252,1243,16425873,6.576615357398987,0.058188000293815705,0.9422817176518091,0.8967402359217477,0.026942608464095328,0.04052182428137199,0.9570929050829174,0.9199347169957426,0.03150227707293299
unet,mit_b1,zscore,other-dataset,252,1243,16425873,6.984063658714295,0.09774214762981534,0.896595548259953,0.8193063904753829,0.03117600328747242,0.05696026093760327,0.9415759487873302,0.894802105781635,0.03467321484571412
unet,mit_b1,zscore,same-dataset,252,1243,16425873,6.966852164268493,0.27507052923629866,0.666142555368781,0.5202058627542141,0.10629930075198885,0.17674477101091599,0.798980352289717,0.6796202371893443,0.1348692968724266
unet,mobilenet_v2,zscore,scratch,252,1243,6628369,5.168871026039124,0.08255501985789689,0.9198219778071655,0.8649130519704289,0.02564586829098444,0.07401062235272132,0.9256850961514854,0.8691413323915685,0.036369445186758796
unet,mobilenet_v2,zscore,other-dataset,252,1243,6628369,5.16588478565216,0.11371320173180305,0.8939416260845894,0.823375968518798,0.02502762641580332,0.074421177947128,0.9262650152990536,0.8699713558893671,0.024200991505668276
unet,mobilenet_v2,zscore,same-dataset,252,1243,6628369,5.114511671066285,0.07975074534970526,0.9249794960789208,0.8723535599098604,0.017334116770634577,0.06530315824578294,0.9332239829237579,0.8809020701475135,0.0376772488511744
unet,mobileone_s0,zscore,scratch,252,1243,8584833,16.038362522125244,0.16215737066917235,0.8326105438502489,0.729838506694005,0.03521704910293458,0.14888455238633835,0.8363851683809215,0.7353856883889135,0.05920786942754473
unet,mobileone_s0,zscore,other-dataset,252,1243,8584833,15.653196229934693,0.09691832342266749,0.9012543666007916,0.8358068525647312,0.02803498370543359,0.060408854765678165,0.9391441974348342,0.8913608824928634,0.027255650905389634
unet,mobileone_s0,zscore,same-dataset,252,1243,8584833,15.8718297290802,0.07694817475872662,0.928376451002813,0.8751598114173257,0.020129534519380994,0.06814286518581242,0.9333797701883968,0.8824181399418285,0.025222347369269718
unet,mobileone_s1,zscore,scratch,252,1243,9146065,7.4984694719314575,0.12044708572226193,0.8745695637390677,0.789266704458051,0.03337734523746702,0.12044708572226193,0.8745695637390677,0.789266704458051,0.03337734523746702
unet,mobileone_s1,zscore,other-dataset,252,1243,9146065,7.3613849639892575,0.06915297227958854,0.9360835880208955,0.8874608482551114,0.01625080853109322,0.06915297227958854,0.9360835880208955,0.8874608482551114,0.01625080853109322
unet,mobileone_s1,zscore,same-dataset,252,1243,9146065,7.824816627502441,0.0763298368871164,0.9289056596886411,0.8722359549107325,0.020279915027675174,0.0689350819801095,0.9301672940856491,0.8765800848950902,0.028557637469872596
unet,mobileone_s2,zscore,scratch,252,1243,13575633,7.526624660491944,0.15447113968054327,0.8473107732310952,0.7594560828788186,0.026337975843085185,0.12108897845158151,0.8761242093909487,0.797354557776969,0.040972356787986226
unet,mobileone_s2,zscore,other-dataset,252,1243,13575633,7.5870844793319705,0.07735624240467075,0.9277200108080839,0.8760454437949441,0.015898680521382227,0.06272448215720544,0.9392862734253715,0.8907356653497378,0.02209758610715942
unet,mobileone_s2,zscore,same-dataset,252,1243,13575633,7.589532823562622,0.07008776810748484,0.9351060143038811,0.8865025478893964,0.018625537790949383,0.07008776810748484,0.9351060143038811,0.8865025478893964,0.018625537790949383
unet,mobileone_s3,zscore,scratch,252,1243,16248657,7.785164475440979,0.17219858690317083,0.8179412831822808,0.7163296882317897,0.032359721759955086,0.11833730530614155,0.8708074129308699,0.7822355736865215,0.047472630642236224
unet,mobileone_s3,zscore,other-dataset,252,1243,16248657,7.6211881875991825,0.06811200505480686,0.93696553498051,0.8888996619902018,0.01630875202161925,0.06811200505480686,0.93696553498051,0.8888996619902018,0.01630875202161925
unet,mobileone_s3,zscore,same-dataset,252,1243,16248657,7.552923517227173,0.06941295876104028,0.9370106361800399,0.8905534276248751,0.014243145458518512,0.06070142011559019,0.9417619145117934,0.8980927402131134,0.02177804649349243
unet,mobileone_s4,zscore,scratch,252,1243,21508537,10.65174111366272,0.19764600511960992,0.8074454532356293,0.7016255826788954,0.022468398162533366,0.15704090549211203,0.8241556567332482,0.717594256635069,0.06451485879600995
unet,mobileone_s4,zscore,other-dataset,252,1243,21508537,11.086652450561523,0.07640194771803874,0.9287001263778821,0.8787571603218011,0.016023330242624357,0.06892734870902013,0.9292055407744305,0.8774074391789333,0.028768048636497012
unet,mobileone_s4,zscore,same-dataset,252,1243,21508537,10.498772764205933,0.07773407802812916,0.9306671475558538,0.8799481173244486,0.015708945115052518,0.07617490011554329,0.9290262269858669,0.8754775982562899,0.0214370722394614
unet,resnet18,zscore,scratch,252,1243,14321937,3.464824631214142,0.05654257996276033,0.9402236969166001,0.89249294300954,0.028862396107306554,0.04987171740059112,0.9481158191315704,0.9078100523637939,0.026299099363977948
unet,resnet18,zscore,other-dataset,252,1243,14321937,3.123229434490204,0.05438025992840217,0.9487450101734263,0.9112967946120836,0.015628904429456546,0.04664974680360727,0.9545095770568112,0.9187589232612788,0.021052237038337994
unet,resnet18,zscore,same-dataset,252,1243,14321937,3.205466258525848,0.05868860624269047,0.9418217036768206,0.9029738490656318,0.01732634658378268,0.04140375605510879,0.9597222925862859,0.9269994235479918,0.018752853785242354
unet,resnet34,zscore,scratch,252,1243,24430097,4.254404482841491,0.05607584340022825,0.9418523493833534,0.8989940552776702,0.03427972934312291,0.05473254152295672,0.942916099045033,0.9017271404772733,0.0404527462900631
unet,resnet34,zscore,other-dataset,252,1243,24430097,4.2966297602653505,0.10425990809141775,0.8943138080360615,0.8280888558968554,0.020450642184605673,0.04925950820694887,0.9530031452808089,0.9164092953130303,0.017277470893330045
unet,resnet34,zscore,same-dataset,252,1243,24430097,4.287131507396698,0.039831780679434034,0.9613572233450192,0.930039132686747,0.01613810182445579,0.03698886565906044,0.9642857576893494,0.9333288188145608,0.018013859818142557
unet,vgg11_bn,zscore,scratch,252,1243,18258385,3.322604782581329,0.06304928657395746,0.9364571674926955,0.8913142234206871,0.035635023776973994,0.05546584868037883,0.9398555088119936,0.8913521755154058,0.04893813903133074
unet,vgg11_bn,zscore,other-dataset,252,1243,18258385,3.3207248044013977,0.04732053068766935,0.9537166755044068,0.9189954245176799,0.017609044909477234,0.04726534954190542,0.9497502933848988,0.908628832785621,0.0295164528642855
unet,vgg11_bn,zscore,same-dataset,252,1243,18258385,3.398155529499054,0.04613164058876728,0.9556827514476577,0.921729927952982,0.01841492625692534,0.0437361777625972,0.9561571948296201,0.9224277797094392,0.020448760587781195
unet,vgg13_bn,zscore,scratch,252,1243,18443281,4.315312962532044,0.055455919819691446,0.9380215624121054,0.8881661138127911,0.03551614686610207,0.05091657273753075,0.9469818850246439,0.9045667456506437,0.041193155837910514
unet,vgg13_bn,zscore,other-dataset,252,1243,18443281,4.351380815505982,0.05010963083572284,0.9511781916537787,0.9152227817575297,0.02101021520202122,0.04926616020278881,0.9525262505799076,0.915629156731063,0.02589827367947215
unet,vgg13_bn,zscore,same-dataset,252,1243,18443281,4.331031675338745,0.05661441581151414,0.9468325041803927,0.9056447022208646,0.020597039352333736,0.041938910597960795,0.9581621987917495,0.9248812929431182,0.0226783509114905
unet,vgg19_bn,zscore,scratch,252,1243,29067793,5.621187500953674,0.07375436866609492,0.9225117544540933,0.8732217369018211,0.04071361299545046,0.056496905119473764,0.9405694203518709,0.894946753547159,0.04542175656746304
unet,vgg19_bn,zscore,other-dataset,252,1243,29067793,5.614742727279663,0.07711933746226642,0.9239827621779131,0.8715819292076153,0.021040930072703058,0.04893266313131644,0.9486752668888647,0.9055591922370254,0.030618083145883348
unet,vgg19_bn,zscore,same-dataset,252,1243,29067793,5.611408948898315,0.057882901505894556,0.9451404864617345,0.9053860792496083,0.018293952850240564,0.04093216520255358,0.9595592472693274,0.9288875605920007,0.021149665058132202
deeplabv3+,efficientnet-b0,zscore,scratch,252,1243,4906893,7.0461987161636355,0.13286117047718812,0.8549235049314491,0.7724457151546463,0.024390758916972174,0.11237714413856174,0.8779466656648816,0.8055330826597452,0.025797079598146772
deeplabv3+,efficientnet-b0,zscore,other-dataset,252,1243,4906893,6.969520626068115,0.08555500373567963,0.9115882529813439,0.8515871374816159,0.021006660476799995,0.062296583469318746,0.9332087448500667,0.8814778492897629,0.021759645274234195
deeplabv3+,efficientnet-b0,zscore,same-dataset,252,1243,4906893,6.921434860229493,0.07183483087143779,0.9258312991043299,0.8713084210912163,0.022227826572599866,0.07183483087143779,0.9258312991043299,0.8713084210912163,0.022227826572599866
deeplabv3+,efficientnet-b1,zscore,scratch,252,1243,7412529,9.81898401260376,0.13560331434802672,0.8647137919646161,0.7894056927074086,0.023206891255482795,0.13031605454289136,0.8705758354113357,0.7944067002110009,0.024440105708818587
deeplabv3+,efficientnet-b1,zscore,other-dataset,252,1243,7412529,9.807012147903443,0.06268437737816299,0.93698654266873,0.887537108442041,0.021657811241253974,0.059420955667837144,0.9396782143885152,0.893526978772778,0.021051171723575818
deeplabv3+,efficientnet-b1,zscore,same-dataset,252,1243,7412529,9.75763331413269,0.06816607920493412,0.9308917336375696,0.8826442041036494,0.020724366995550338,0.059886327323564484,0.9386132854851426,0.8906138858196722,0.025470127395930745
deeplabv3+,efficientnet-b2,zscore,scratch,252,1243,8642163,9.630963830947875,0.10075941444498247,0.8891186422622693,0.8199604978891313,0.025705526095061076,0.10075941444498247,0.8891186422622693,0.8199604978891313,0.025705526095061076
deeplabv3+,efficientnet-b2,zscore,other-dataset,252,1243,8642163,9.771067876815795,0.07929723669661692,0.9191370800629031,0.8629612600429347,0.02006193587467784,0.0713681487047375,0.9256099929564054,0.875930316584396,0.02328066959504097
deeplabv3+,efficientnet-b2,zscore,same-dataset,252,1243,8642163,9.609793300628661,0.06221664007018865,0.9393214174364233,0.8933983654718867,0.018184948121271437,0.058990026691558374,0.9410169483286089,0.8958710296827271,0.02224222005951026
deeplabv3+,efficientnet-b3,zscore,scratch,252,1243,11679465,10.746339225769043,0.12974940486138423,0.8685552757398217,0.7984585723662128,0.024240596722515804,0.12974940486138423,0.8685552757398217,0.7984585723662128,0.024240596722515804
deeplabv3+,efficientnet-b3,zscore,other-dataset,252,1243,11679465,10.856996488571166,0.0726771490380156,0.9275138752170848,0.8775140876647262,0.0201996002523672,0.06907643109248324,0.9309182262957719,0.8783979392876475,0.02629477847071867
deeplabv3+,efficientnet-b3,zscore,same-dataset,252,1243,11679465,11.515365762710571,0.05283648215012501,0.9483139670288381,0.9065767665688107,0.019635310396552086,0.046004648655293356,0.9529312000290003,0.91231270480904,0.02026029699851596
deeplabv3+,efficientnet-b4,zscore,scratch,252,1243,18615353,18.86771551132202,0.07845034655887852,0.920400434602966,0.8649029589811833,0.024571069324063877,0.07845034655887852,0.920400434602966,0.8649029589811833,0.024571069324063877
deeplabv3+,efficientnet-b4,zscore,other-dataset,252,1243,18615353,115.83152671813964,0.07914192534605534,0.9227237402193985,0.8682472673233536,0.01931922190955707,0.054561459660913705,0.9447205927903289,0.9004023890291982,0.020173442032602098
deeplabv3+,efficientnet-b4,zscore,same-dataset,252,1243,18615353,101.90078285217285,0.05749553842402617,0.9426565216322245,0.8973833292794631,0.017265701429947974,0.05473200644779282,0.9454280296258167,0.9013127605471991,0.01941099606217846
deeplabv3+,mit_b0,zscore,scratch,252,1243,4132913,6.795591359138489,0.09124643214748257,0.8996834850848344,0.8307495262962336,0.03936983674528107,0.07899657032083142,0.9104033521558619,0.8437581039299815,0.04446282373770835
deeplabv3+,mit_b0,zscore,other-dataset,252,1243,4132913,6.85140700340271,0.05477724135317634,0.9453545123074962,0.9035391703979295,0.02134628641226935,0.05192038678801645,0.9463399663052057,0.9025395516896574,0.026654460866536413
deeplabv3+,mit_b0,zscore,same-dataset,252,1243,4132913,6.7656415796279905,0.24750705170036802,0.7203979085552433,0.5741631054437074,0.15094435214996338,0.23445760326239723,0.7267799070547016,0.5811591838888842,0.15910438318101186
deeplabv3+,mit_b1,zscore,scratch,252,1243,14297937,6.303149771690369,0.11363929345880126,0.8811358807073518,0.8044235251742031,0.042154570184056724,0.10135902213839303,0.8917150359334048,0.8181190360292541,0.04807312266221122
deeplabv3+,mit_b1,zscore,other-dataset,252,1243,14297937,6.426327357292175,0.13476538552647144,0.8530240799281641,0.7665261547122382,0.03385848291809597,0.09992660686361722,0.8951172065274522,0.8237834590534385,0.03684299309102316
deeplabv3+,mit_b1,zscore,same-dataset,252,1243,14297937,6.6896265554428105,0.3438107689972952,0.5988349350152817,0.45774491343494395,0.09568735862535144,0.1813966893588739,0.794599282962127,0.6756991822203607,0.12714935330644486
deeplabv3+,mobilenet_v2,zscore,scratch,252,1243,4377937,4.614944620132446,0.09759049595888833,0.9038058715967622,0.836711789174897,0.027726527717378404,0.09557903496277304,0.8966652662257274,0.8229973287421278,0.03904210693306393
deeplabv3+,mobilenet_v2,zscore,other-dataset,252,1243,4377937,4.567367660999298,0.08126585155557646,0.9193021907791051,0.863448658971564,0.02218160606802456,0.06505322265749676,0.9308522961740041,0.8775083667696817,0.035214472089021925
deeplabv3+,mobilenet_v2,zscore,same-dataset,252,1243,4377937,4.600117120742798,0.08315629208174236,0.9214301588836449,0.8647614342496938,0.0198208572609084,0.06377416322261023,0.9373188141556584,0.887742945578246,0.02115627857191222
deeplabv3+,mobileone_s0,zscore,scratch,252,1243,6088513,15.144089937210083,0.2429613970453856,0.7343721823258833,0.6131680045315842,0.03652062544983531,0.19538322688108092,0.7823261627725124,0.6610529459203719,0.041770271779525844
deeplabv3+,mobileone_s0,zscore,other-dataset,252,1243,6088513,15.176432037353516,0.06596254496831426,0.9330766621080984,0.8809009062505402,0.02020683778183801,0.06428693368587395,0.9335586489541629,0.8817466826373689,0.022948021956142924
deeplabv3+,mobileone_s0,zscore,same-dataset,252,1243,6088513,15.338423347473144,0.08125450167196563,0.9211649008556805,0.860756079995239,0.02100139758771374,0.08125450167196563,0.9211649008556805,0.860756079995239,0.02100139758771374
deeplabv3+,mobileone_s1,zscore,scratch,252,1243,5701009,7.159809603691101,0.2111361852741395,0.7744564584254835,0.6523601876471374,0.030280681445248543,0.1726455604799889,0.8126872892065194,0.702467438489894,0.03967259020086319
deeplabv3+,mobileone_s1,zscore,other-dataset,252,1243,5701009,7.331958727836609,0.08402140981615884,0.9230617391228771,0.8648420665308245,0.017715712033566974,0.08378646749934168,0.919844750138127,0.8610663893523949,0.020317330660801085
deeplabv3+,mobileone_s1,zscore,same-dataset,252,1243,5701009,8.494970507621765,0.10866435270154083,0.8963723140480244,0.8270795097872795,0.020731908224877856,0.10127070830267279,0.9015770948230502,0.8328183781016957,0.023598439784513578
deeplabv3+,mobileone_s2,zscore,scratch,252,1243,8996241,8.807836470603943,0.1935223343865294,0.8039672196342977,0.6949218219072706,0.029835576014149757,0.17003999471856238,0.8275834672027121,0.7216749298697216,0.028677849069474234
deeplabv3+,mobileone_s2,zscore,other-dataset,252,1243,8996241,7.356443195343018,0.0857274565884689,0.918434238970903,0.8591370325556515,0.015322322883303202,0.0775981545388363,0.9229313849635596,0.8661006262296644,0.019495353960092106
deeplabv3+,mobileone_s2,zscore,same-dataset,252,1243,8996241,7.283754897117615,0.09202903415033727,0.9146824090210354,0.8542492805904471,0.016367744240495894,0.08316952026091749,0.9184219018164318,0.8596702381572893,0.019093824520943655
deeplabv3+,mobileone_s3,zscore,scratch,252,1243,11283729,8.17133120059967,0.2036039433648101,0.7903289982894689,0.674042864183409,0.027708777152593175,0.18807668456461576,0.7873976332280105,0.6723667863675499,0.04543239830268754
deeplabv3+,mobileone_s3,zscore,other-dataset,252,1243,11283729,7.713581757545471,0.07842617739090878,0.9234868331197185,0.8665052637973334,0.016285987866539803,0.0710605692271254,0.9285379610805864,0.8751315353191005,0.021175010366335748
deeplabv3+,mobileone_s3,zscore,same-dataset,252,1243,11283729,7.168596167564392,0.07750039408020885,0.9279718936113034,0.8755194479097596,0.016405526578189836,0.07141289248019576,0.9295678219292688,0.8762411852565775,0.02213054552437767
deeplabv3+,mobileone_s4,zscore,scratch,252,1243,16067449,10.40829475402832,0.20656845923018666,0.789438792801824,0.6754724543994219,0.02707008399542362,0.17304774753191926,0.8094012547383266,0.698187794305582,0.038075945502708826
deeplabv3+,mobileone_s4,zscore,other-dataset,252,1243,16067449,10.230086736679077,0.07132282106270257,0.9301234895149163,0.8778946666303222,0.015591352320616208,0.06525264830236366,0.9353726963218143,0.8844562877308239,0.016828956378121224
deeplabv3+,mobileone_s4,zscore,same-dataset,252,1243,16067449,10.428383655548096,0.0903158019553819,0.9157688113248645,0.8567927894530907,0.015377716530883124,0.08358010412916865,0.9200409362130076,0.8605589601941772,0.018328379425737593
deeplabv3+,resnet18,zscore,scratch,252,1243,12323025,2.914179518222809,0.06332403334488527,0.9348061669764746,0.8885978152458455,0.024539123599727947,0.05340467296294982,0.9430230026367875,0.8975339522787571,0.028396221380385143
deeplabv3+,resnet18,zscore,other-dataset,252,1243,12323025,2.7527087712287903,0.056994756028859346,0.9413868136110559,0.9008240097487826,0.016620033110181492,0.04976367029156881,0.9479587920135965,0.9071599280556075,0.025319211480636445
deeplabv3+,resnet18,zscore,same-dataset,252,1243,12323025,2.741651198863983,0.05071422484368446,0.9488843080024996,0.9114626618229567,0.016830698941789922,0.05071422484368446,0.9488843080024996,0.9114626618229567,0.016830698941789922
deeplabv3+,resnet34,zscore,scratch,252,1243,22431185,3.952489261627197,0.0697650634117982,0.9246511474695306,0.8702603153710584,0.03483419924501389,0.058345795079334455,0.9391156309377926,0.8927489884515396,0.029814371277415562
deeplabv3+,resnet34,zscore,other-dataset,252,1243,22431185,3.809681279659271,0.052543902327625,0.948328518426332,0.9087795654996594,0.016303495991797673,0.052543902327625,0.948328518426332,0.9087795654996594,0.016303495991797673
deeplabv3+,resnet34,zscore,same-dataset,252,1243,22431185,3.691556169986725,0.042734815921163904,0.9575675632909528,0.9219412776796643,0.017472499183246067,0.042734815921163904,0.9575675632909528,0.9219412776796643,0.017472499183246067
deeplabv3+,vgg11_bn,zscore,scratch,ERROR,ERROR,ERROR,ERROR,ERROR,ERROR,ERROR,ERROR,ERROR,ERROR,ERROR
deeplabv3+,vgg11_bn,zscore,other-dataset,ERROR,ERROR,ERROR,ERROR,ERROR,ERROR,ERROR,ERROR,ERROR,ERROR,ERROR
deeplabv3+,vgg11_bn,zscore,same-dataset,ERROR,ERROR,ERROR,ERROR,ERROR,ERROR,ERROR,ERROR,ERROR,ERROR,ERROR
deeplabv3+,vgg13_bn,zscore,scratch,ERROR,ERROR,ERROR,ERROR,ERROR,ERROR,ERROR,ERROR,ERROR,ERROR,ERROR
deeplabv3+,vgg13_bn,zscore,other-dataset,ERROR,ERROR,ERROR,ERROR,ERROR,ERROR,ERROR,ERROR,ERROR,ERROR,ERROR
deeplabv3+,vgg13_bn,zscore,same-dataset,ERROR,ERROR,ERROR,ERROR,ERROR,ERROR,ERROR,ERROR,ERROR,ERROR,ERROR
deeplabv3+,vgg19_bn,zscore,scratch,ERROR,ERROR,ERROR,ERROR,ERROR,ERROR,ERROR,ERROR,ERROR,ERROR,ERROR
deeplabv3+,vgg19_bn,zscore,other-dataset,ERROR,ERROR,ERROR,ERROR,ERROR,ERROR,ERROR,ERROR,ERROR,ERROR,ERROR
deeplabv3+,vgg19_bn,zscore,same-dataset,ERROR,ERROR,ERROR,ERROR,ERROR,ERROR,ERROR,ERROR,ERROR,ERROR,ERROR
fpn,efficientnet-b0,zscore,scratch,252,1243,5758909,7.710977921485901,0.15102143360306347,0.8597323217414985,0.7752778915656927,0.022165412171965555,0.15102143360306347,0.8597323217414985,0.7752778915656927,0.022165412171965555
fpn,efficientnet-b0,zscore,other-dataset,252,1243,5758909,7.747311024665833,0.06738818775523793,0.937721108968279,0.8909669478670398,0.017722825416260295,0.06224546869819623,0.9388197302722394,0.8933285205285586,0.019647515009319973
fpn,efficientnet-b0,zscore,same-dataset,252,1243,5758909,7.603375673294067,0.06949870865297529,0.9380714304487454,0.8885282860201209,0.01896679371831909,0.061285061334662154,0.9375066573065515,0.8863318704925807,0.028589605368555537
fpn,efficientnet-b1,zscore,scratch,252,1243,8264545,10.231765432357788,0.1304124493874184,0.8720741114689281,0.7937807833486666,0.022706330206895633,0.1304124493874184,0.8720741114689281,0.7937807833486666,0.022706330206895633
fpn,efficientnet-b1,zscore,other-dataset,252,1243,8264545,10.175225925445556,0.06443798622342721,0.9430513474026325,0.8964819513015563,0.019127500021741503,0.053452029506573254,0.9462108949644376,0.9014743642277614,0.024763618226325702
fpn,efficientnet-b1,zscore,same-dataset,252,1243,8264545,10.514097900390626,0.06079819185280167,0.9463014441541578,0.903249046252029,0.01719725817914993,0.04483627438041728,0.9562655745833897,0.918176819025655,0.01942264729194225
fpn,efficientnet-b2,zscore,scratch,252,1243,9464643,10.536742420196534,0.09234650047647311,0.9093304969376359,0.8444158062278889,0.022382939943955057,0.09234650047647311,0.9093304969376359,0.8444158062278889,0.022382939943955057
fpn,efficientnet-b2,zscore,other-dataset,252,1243,9464643,10.316951971054078,0.062403005075042324,0.9419115493111522,0.8990191109028921,0.017060282832336803,0.06112211951663776,0.9415625160198872,0.8983765937393937,0.01897631709774335
fpn,efficientnet-b2,zscore,same-dataset,252,1243,9464643,10.379306230545044,0.05856653652359954,0.9479796784785325,0.9064335926635939,0.01678060713623251,0.050850290805101395,0.9485121916497031,0.9073338673561692,0.024609324832757313
fpn,efficientnet-b3,zscore,scratch,252,1243,12474073,12.00717700958252,0.19758172300872742,0.826607242670159,0.7372884290024626,0.02171334396633837,0.19057276727495323,0.8167784334859441,0.7164870102560913,0.022120244919307648
fpn,efficientnet-b3,zscore,other-dataset,252,1243,12474073,11.25648765563965,0.07792914577266044,0.930872493661035,0.8821358082281038,0.0176631517353512,0.057484445624407125,0.9447999971102824,0.9019571175425646,0.019978942172158332
fpn,efficientnet-b3,zscore,same-dataset,252,1243,12474073,11.481120681762695,0.04537024670254292,0.9577634846694222,0.9207787172312901,0.01640641993828236,0.04014086544106108,0.9599801260717243,0.9248052659959248,0.017799500109893934
fpn,efficientnet-b4,zscore,scratch,252,1243,19350889,15.278473329544067,0.21221917136388735,0.8026202067385158,0.7067426852612178,0.022364555606766354,0.21221917136388735,0.8026202067385158,0.7067426852612178,0.022364555606766354
fpn,efficientnet-b4,zscore,other-dataset,252,1243,19350889,14.403595533370972,0.0633200403132078,0.9435453530002388,0.8986668237638589,0.017655450525501416,0.05198343331331413,0.9496750973542659,0.9079250794500472,0.017927362243570978
fpn,efficientnet-b4,zscore,same-dataset,252,1243,19350889,14.482932462692261,0.047165935506934806,0.955360601337706,0.9184671595321005,0.016870030482846594,0.040895488490788855,0.9600400188136081,0.9257405657779758,0.01692945947722783
fpn,mit_b0,zscore,scratch,252,1243,5072289,7.323213453292847,0.0858175856625468,0.9160697358515794,0.8555737209243345,0.04677243513010797,0.07834184240498854,0.9205269303325675,0.8601290072919089,0.050968688099630295
fpn,mit_b0,zscore,other-dataset,252,1243,5072289,7.1936934328079225,0.0595076229312395,0.9459532939514995,0.901441776646977,0.022560057245076648,0.05279093605562841,0.9483301534061939,0.9045279664755443,0.02275590959285933
fpn,mit_b0,zscore,same-dataset,252,1243,5072289,7.180253109931946,0.45860942399799104,0.11788962110273116,0.07011041666982688,0.4810236484285385,0.44823857532905553,0.3922889515554275,0.2541364240531788,0.48699978325102067
fpn,mit_b1,zscore,scratch,252,1243,15032257,7.180184960365295,0.34193482441184797,0.632640772832562,0.4808537812359565,0.348636552927986,0.34193482441184797,0.632640772832562,0.4808537812359565,0.348636552927986
fpn,mit_b1,zscore,other-dataset,252,1243,15032257,7.079290900230408,0.08488766777712016,0.9207006494364044,0.8641684471553885,0.03537684424765526,0.06345310575259086,0.9329639819966913,0.8800453514412153,0.045948685339045905
fpn,mit_b1,zscore,same-dataset,252,1243,15032257,7.308963832855224,0.4797689563213388,0.15766559907237143,0.10226028120672366,0.504668410808321,0.4535237186298386,0.42113188467774,0.2761413914871925,0.49658777600242976
fpn,mobilenet_v2,zscore,scratch,252,1243,4214849,5.027915182113648,0.11461105302563619,0.9014259109742586,0.8298321844394037,0.024544392195012834,0.10951563231617044,0.8975392469742177,0.8248526591594816,0.03205960255766672
fpn,mobilenet_v2,zscore,other-dataset,252,1243,4214849,5.202025289535523,0.08470182712410883,0.926788331228979,0.874527927760817,0.017435522365664678,0.06719146573006483,0.9382752067891226,0.8898380299489151,0.01912621713228642
fpn,mobilenet_v2,zscore,same-dataset,252,1243,4214849,5.242790412902832,0.08958150749113515,0.9230916057012778,0.8673874225140769,0.017428052242076587,0.07343610365330358,0.9330777132213834,0.8819459177080126,0.019253697896760607
fpn,mobileone_s0,zscore,scratch,252,1243,6265009,16.17242527961731,0.21388043682611668,0.8117212320851014,0.7042783127613635,0.04212895349141151,0.1878892045081477,0.8229479904819282,0.7179981340636962,0.059206965187239266
fpn,mobileone_s0,zscore,other-dataset,252,1243,6265009,17.159946184158326,0.08404838037845691,0.9244329298300218,0.869668722344519,0.020198712391512736,0.06573181160615513,0.9355225927486405,0.8825138380521742,0.026591184238592785
fpn,mobileone_s0,zscore,same-dataset,252,1243,6265009,16.193965158462525,0.07234029174570297,0.9352964952120547,0.8842517119305612,0.019950774276540392,0.062023313873397275,0.9454254041443116,0.8993924609711357,0.01910369015402264
fpn,mobileone_s1,zscore,scratch,252,1243,5700353,7.729271049499512,0.2870865844232079,0.7550804921915142,0.6352413141813762,0.03290590436922179,0.1771287247238865,0.7978726066319288,0.6771308568247076,0.11808547141059997
fpn,mobileone_s1,zscore,other-dataset,252,1243,5700353,7.791644787788391,0.09453882865026317,0.9267765936694218,0.8719847089133719,0.016178891535789247,0.07578445899683146,0.9288266750467657,0.8736485383823238,0.0247654848332916
fpn,mobileone_s1,zscore,same-dataset,252,1243,5700353,7.732848029136658,0.09759664629029345,0.9214016660412568,0.8644662474972149,0.016555344863306908,0.0856645361476144,0.9300070929124484,0.8765615392671127,0.017624336220915356
fpn,mobileone_s2,zscore,scratch,252,1243,8237569,7.7888656330108645,0.23424148112415596,0.8015032731422185,0.6879050516832863,0.03288733772933483,0.20502127438471957,0.7946634031742308,0.6763261116423726,0.07275355098739503
fpn,mobileone_s2,zscore,other-dataset,252,1243,8237569,7.576248002052307,0.0816149455903522,0.9337004671534126,0.8818322340519507,0.014486532717470139,0.0758500188972714,0.9312847801877526,0.8783400674453208,0.018660342172970846
fpn,mobileone_s2,zscore,same-dataset,252,1243,8237569,7.778326072692871,0.1183910100800993,0.9079262103558737,0.8444889848115266,0.01645044374856211,0.08595343006059995,0.9162299845934107,0.8561430092502388,0.031214540499070333
fpn,mobileone_s3,zscore,scratch,252,1243,10580865,7.703023386001587,0.22875549595680145,0.8177801824248998,0.7133294530962133,0.02751639987977724,0.20660662516795716,0.817528339134333,0.7121725571510394,0.0391093749434702
fpn,mobileone_s3,zscore,other-dataset,252,1243,10580865,7.726357436180114,0.08842619780034475,0.9292601065969429,0.8766727263373132,0.013679561175642506,0.06766907882757563,0.9393408131618607,0.892118549116753,0.017148403362149282
fpn,mobileone_s3,zscore,same-dataset,252,1243,10580865,7.717575664520264,0.09538703965066617,0.9298207980437521,0.877231736770102,0.012473113716594757,0.06432774876359001,0.9364831530079185,0.8865989376629732,0.02775673234155254
fpn,mobileone_s4,zscore,scratch,252,1243,15443433,10.241905937194824,0.19775681019021155,0.8426490585744525,0.7520804892407246,0.02258467964000172,0.15230656861779387,0.8683503765495957,0.7845612730791947,0.024720421859196255
fpn,mobileone_s4,zscore,other-dataset,252,1243,15443433,10.370193634033203,0.08765967515142138,0.9308051318769386,0.8796810516885281,0.012225634758434599,0.08045780164214363,0.9264899980417682,0.8732226967140253,0.025740699546914252
fpn,mobileone_s4,zscore,same-dataset,252,1243,15443433,10.23410717010498,0.09046500943427305,0.9295084769938707,0.8763030321484886,0.012657851424245607,0.0786837962480773,0.9297829034917314,0.877754942601665,0.018082841846441464
fpn,resnet18,zscore,scratch,252,1243,13040961,3.2277974390983584,0.09299223096209577,0.9156505802611814,0.8602187666121933,0.02857243080460836,0.060444007051489765,0.9377603154938161,0.888660980249161,0.03228453730070402
fpn,resnet18,zscore,other-dataset,252,1243,13040961,3.15831871509552,0.06510961090520995,0.9416770919713874,0.8970567437783423,0.017802868792343707,0.050560083399112436,0.944359272214931,0.8979518380936172,0.035180514944451194
fpn,resnet18,zscore,same-dataset,252,1243,13040961,3.168093762397766,0.09025352976598859,0.9286667370355043,0.8784113689861467,0.01559366930335287,0.06172143809395458,0.9436600494077871,0.9012062451768478,0.01797423783748869
fpn,resnet34,zscore,scratch,252,1243,23149121,4.393697285652161,0.05493053969232574,0.940631808145144,0.8942282738842892,0.030739267548871418,0.05493053969232574,0.940631808145144,0.8942282738842892,0.030739267548871418
fpn,resnet34,zscore,other-dataset,252,1243,23149121,4.257210259437561,0.1050414268290047,0.9057811520700002,0.84898740268962,0.017839781200838466,0.05271608502344076,0.9463843708544706,0.9037347940888408,0.020463518325298552
fpn,resnet34,zscore,same-dataset,252,1243,23149121,4.365688316822052,0.05456122018738514,0.9508558228815743,0.9130800597051987,0.017189539555046294,0.052823627168314166,0.9496878541868153,0.9118738350902751,0.01778213203781181
fpn,vgg11_bn,zscore,scratch,252,1243,11308545,2.9141030597686766,0.07493546108804397,0.9264099730279114,0.8735435367685503,0.03509966697957781,0.05971382223878862,0.9378399108555273,0.8867355954330579,0.04230894479486677
fpn,vgg11_bn,zscore,other-dataset,252,1243,11308545,2.8442755222320555,0.05331209431419618,0.9489617044659076,0.9095728176789042,0.019167096073192263,0.047769825210253844,0.9492792879873385,0.9083684374992634,0.02964245066756294
fpn,vgg11_bn,zscore,same-dataset,252,1243,11308545,2.8588140845298766,0.0705679720290131,0.9400063719561478,0.895056268810171,0.0188260708181631,0.0508500802617637,0.9494067604083355,0.9089320851062827,0.02425173359612624
fpn,vgg13_bn,zscore,scratch,252,1243,11493441,3.755853762626648,0.07044053547629789,0.9352657819887562,0.8898266146284672,0.03591086206928132,0.06629288119540422,0.9316233230615372,0.8791434617169136,0.0429513928672624
fpn,vgg13_bn,zscore,other-dataset,252,1243,11493441,3.786948173046112,0.07063180172241991,0.9367066158561675,0.8902316542277869,0.020371816283653654,0.049352580371252106,0.9493946380799371,0.9089267865746422,0.023242443179090817
fpn,vgg13_bn,zscore,same-dataset,252,1243,11493441,3.8293308901786802,0.07531850770031936,0.9381370521416514,0.8956291662140997,0.022569542957676783,0.05819075904660712,0.9419703817329191,0.8998794149028996,0.03370396237051676
fpn,vgg19_bn,zscore,scratch,252,1243,22117953,5.098011512756347,0.09582234928661647,0.9115991346891714,0.8538847583393272,0.038805971602125774,0.06721028845010989,0.9264677528019212,0.871252283969428,0.042103664624312566
fpn,vgg19_bn,zscore,other-dataset,252,1243,22117953,5.085765113830567,0.0569417847324933,0.9491954897069586,0.9091764674106146,0.022426117093317093,0.051856156687341386,0.9463134207077211,0.9018625372950339,0.036554554625163
fpn,vgg19_bn,zscore,same-dataset,252,1243,22117953,5.064114241600037,0.075448667293389,0.9381373291138383,0.8957978092847289,0.01798454172436207,0.05463189168062214,0.9515237954002375,0.915469779952917,0.019823135068965336
pspnet,efficientnet-b0,zscore,scratch,252,1243,4055235,4.028846390247345,0.3095095318742846,0.6866039328295093,0.5555942068153682,0.04024396275007536,0.3095095318742846,0.6866039328295093,0.5555942068153682,0.04024396275007536
pspnet,efficientnet-b0,zscore,other-dataset,252,1243,4055235,4.2750691270828245,0.1261982935647857,0.8701109820954376,0.7961707767323918,0.04235779730573533,0.08640263003633565,0.9061096940228561,0.841877532983536,0.04153948566979832
pspnet,efficientnet-b0,zscore,same-dataset,252,1243,4055235,4.205792937278748,0.13286283840024463,0.8691182869246,0.7922984876655708,0.04620224852410574,0.09255447742781713,0.9037405690740216,0.8399681262402217,0.043945944498455715
pspnet,efficientnet-b1,zscore,scratch,252,1243,6560871,6.662758374214173,0.3616617783028947,0.6285330062898434,0.4975482041521218,0.0337178697661748,0.3616617783028947,0.6285330062898434,0.4975482041521218,0.0337178697661748
pspnet,efficientnet-b1,zscore,other-dataset,252,1243,6560871,6.869006381034851,0.09284565064303835,0.8996011104108054,0.8405623992220203,0.03913515250361155,0.07647924676645407,0.9156245747978229,0.8574739599649885,0.04035397914666978
pspnet,efficientnet-b1,zscore,same-dataset,252,1243,6560871,6.97584321975708,0.08705967160021214,0.9118436132816182,0.8586703008542785,0.03971726926309722,0.07907222183788389,0.9175069276498194,0.8669041985000033,0.038042826371060476
pspnet,efficientnet-b2,zscore,scratch,252,1243,7757591,6.917801909446716,0.22051692181600263,0.7724445562447066,0.6644777998460077,0.03165691251319552,0.22051692181600263,0.7724445562447066,0.6644777998460077,0.03165691251319552
pspnet,efficientnet-b2,zscore,other-dataset,252,1243,7757591,6.724651856422424,0.07337237201025672,0.9231437190539973,0.8721322464731942,0.03839699243978849,0.07337237201025672,0.9231437190539973,0.8721322464731942,0.03839699243978849
pspnet,efficientnet-b2,zscore,same-dataset,252,1243,7757591,6.921330542564392,0.08828405714020648,0.9122181326174871,0.8533797958447679,0.033914882985372395,0.07295991521109906,0.9242525860271623,0.8707016034176152,0.03767752948971022
pspnet,efficientnet-b3,zscore,scratch,252,1243,10752685,7.603456630706787,0.15785725634134495,0.8287701806231842,0.7331550497253001,0.029641760483620657,0.15785725634134495,0.8287701806231842,0.7331550497253001,0.029641760483620657
pspnet,efficientnet-b3,zscore,other-dataset,252,1243,10752685,7.745487365722656,0.094442012958822,0.9069178616530648,0.8536791914619943,0.034615135322960594,0.07640934991481702,0.9193001840734136,0.8680907143572119,0.03764548779480041
pspnet,efficientnet-b3,zscore,same-dataset,252,1243,10752685,7.796242589950562,0.09993084552469315,0.9032771650668794,0.8456424109320053,0.03440726004422657,0.08419722596772333,0.9180294713567364,0.8583340702379124,0.03952920767996046
pspnet,efficientnet-b4,zscore,scratch,252,1243,17613963,9.602576971054077,0.45619043192360925,0.5544113132710047,0.4216467618750452,0.02939345906414683,0.2839762181978694,0.6790641002470893,0.5563202647556725,0.027306198541607176
pspnet,efficientnet-b4,zscore,other-dataset,252,1243,17613963,9.587269115447999,0.0673588139101659,0.9277271407319957,0.875120745295972,0.031267028183691085,0.06302103206922906,0.9306318447269554,0.8820073169177325,0.0313814604093158
pspnet,efficientnet-b4,zscore,same-dataset,252,1243,17613963,9.41690076828003,0.08065404399198481,0.9205945192185123,0.8644569263473597,0.029140457924869325,0.06614376413347446,0.9297976628101745,0.8790153570934734,0.03495924913930514
pspnet,mit_b0,zscore,scratch,252,1243,3391633,3.762932481765747,0.11157226935328732,0.87697298720491,0.7979253487345296,0.04768809120333384,0.0848194289643824,0.9051899867775166,0.8343537469497153,0.052965378240933496
pspnet,mit_b0,zscore,other-dataset,252,1243,3391633,3.5762089610099794,0.07713603482477528,0.9094436765196624,0.8451666406154249,0.0480279325256272,0.07713603482477528,0.9094436765196624,0.8451666406154249,0.0480279325256272
pspnet,mit_b0,zscore,same-dataset,252,1243,3391633,3.769278724193573,0.797042892713846,4.184596021911316e-12,4.184596021911316e-12,0.4824770963381207,0.46207179926329817,0.1754943826390121,0.1045041382401037,0.46177850214261856
pspnet,mit_b1,zscore,scratch,252,1243,13298465,3.607167043685913,0.12482674767533715,0.8690269202449489,0.7906579647156278,0.038941319617960185,0.0753422418035333,0.9147401212782794,0.8491405255355282,0.060039757736145505
pspnet,mit_b1,zscore,other-dataset,252,1243,13298465,3.593064639568329,0.07515922427920689,0.9176337440840582,0.8570612725574742,0.041330184787511826,0.07515922427920689,0.9176337440840582,0.8570612725574742,0.041330184787511826
pspnet,mit_b1,zscore,same-dataset,252,1243,13298465,3.5229078340530395,0.43975592371636785,0.45860659217800165,0.31982752136524534,0.46307008323215304,0.43975592371636785,0.45860659217800165,0.31982752136524534,0.46307008323215304
pspnet,mobilenet_v2,zscore,scratch,252,1243,2262777,3.4868902373313904,0.17552835514060164,0.8388034336430741,0.7538718039818761,0.03893438909971525,0.10548108245515095,0.8872842297665265,0.8152020416812176,0.04238003232176342
pspnet,mobilenet_v2,zscore,other-dataset,252,1243,2262777,3.4882153630256654,0.14819095130898927,0.8502055821836906,0.7674647747079691,0.04241578345970502,0.10996287242956729,0.8777389253998417,0.8046264241802433,0.06035269158227103
pspnet,mobilenet_v2,zscore,same-dataset,252,1243,2262777,3.501124155521393,0.13075839462581412,0.8621920808514375,0.7839446263455232,0.04301187076738903,0.10078077606874805,0.8902484382819669,0.8186762446083566,0.04704201126855517
pspnet,mobileone_s0,zscore,scratch,252,1243,4420625,7.461073627471924,0.12873799210580625,0.8835848883477699,0.8097489545734678,0.025173008323661865,0.10333297959710933,0.8983794340469716,0.8306721279147357,0.02757079355300419
pspnet,mobileone_s0,zscore,other-dataset,252,1243,4420625,7.349862093925476,0.10474633811489767,0.9017664655407686,0.8347301609748232,0.022344740078089727,0.08080710972976224,0.913309340887461,0.8520659188157785,0.032468113752584606
pspnet,mobileone_s0,zscore,same-dataset,252,1243,4420625,7.570156488418579,0.08309623427623142,0.9200195794324192,0.8607815767811463,0.021778330502528993,0.07384096903011671,0.9226214200953563,0.8644959333915434,0.033510800332777084
pspnet,mobileone_s1,zscore,scratch,252,1243,3782353,3.734521927833557,0.20252250885397605,0.8408112635271068,0.7517751439003242,0.022542780826962185,0.16166679113384033,0.8424110059669108,0.7535950773105636,0.05105139386086237
pspnet,mobileone_s1,zscore,other-dataset,252,1243,3782353,3.8479702258110047,0.14055261122585783,0.869438225476855,0.7928391860937363,0.02148742950151837,0.10250560328520217,0.8941993767085424,0.8225393989636643,0.03163459078068771
pspnet,mobileone_s1,zscore,same-dataset,252,1243,3782353,3.894815366268158,0.1307528006004309,0.8779543073351884,0.8053689739537259,0.026218645688560274,0.09409640761195702,0.9006451332847245,0.8363641990545001,0.028486113551826703
pspnet,mobileone_s2,zscore,scratch,252,1243,6168129,4.0508489775657655,0.18355396129820295,0.8366862670702025,0.7450247842845472,0.02195079488650201,0.11592306534752957,0.8877712155385834,0.8144771348825885,0.02786361485246628
pspnet,mobileone_s2,zscore,other-dataset,252,1243,6168129,3.8372137713432313,0.14877970978222063,0.8762172246689003,0.8075277723809546,0.01820550483488847,0.11519872045334749,0.8699963014162267,0.7864689627483978,0.057477338269116385
pspnet,mobileone_s2,zscore,same-dataset,252,1243,6168129,3.892797131538391,0.1326699969467384,0.8845115770568602,0.8104146246169712,0.020377823639483678,0.10870501316322594,0.8953756468965465,0.8290140642241327,0.024987556572471346
pspnet,mobileone_s3,zscore,scratch,252,1243,8556593,3.9630806374549867,0.16224400599637726,0.86675161789812,0.7864292072655209,0.0190644883920276,0.12178866531061532,0.8863122085362601,0.8123559441570304,0.023544373966398694
pspnet,mobileone_s3,zscore,other-dataset,252,1243,8556593,3.8596918296813967,0.16887501159072976,0.8615198438434186,0.7829390711488977,0.016259413301235155,0.12188342042201389,0.8899725551866084,0.8213403610481146,0.020099216155589572
pspnet,mobileone_s3,zscore,same-dataset,252,1243,8556593,3.8310998558998106,0.16769695823842828,0.8572974953072166,0.7718462510542436,0.02094891368751488,0.10068158558416251,0.9058380080918966,0.8379636604941284,0.023581428157668265
pspnet,mobileone_s4,zscore,scratch,252,1243,13566841,3.737702069282532,0.1762097581849401,0.8656336775923197,0.7840175745665595,0.014873229898512363,0.10515959960073593,0.8919295167500993,0.8209491988294851,0.028546312350838904
pspnet,mobileone_s4,zscore,other-dataset,252,1243,13566841,3.8527942442893983,0.15117237041385923,0.8749632275305922,0.8031997356506864,0.014769820200781974,0.10743729990763906,0.8847975742404536,0.8124353764810969,0.03668801161268401
pspnet,mobileone_s4,zscore,same-dataset,252,1243,13566841,3.9458003211021424,0.13470958055192583,0.8833799396708236,0.8096097307826662,0.015609530554640861,0.09711954121688442,0.9002028501331087,0.8341645872218898,0.024528546938820492
pspnet,resnet18,zscore,scratch,252,1243,11323553,1.7127526307106018,0.165763024207765,0.8488901121810091,0.7764807338208224,0.03789673095184659,0.09013291627576249,0.9097337983638552,0.8502145565428852,0.03366304750716875
pspnet,resnet18,zscore,other-dataset,252,1243,11323553,1.6891273629665375,0.10743386827690987,0.8995650610613036,0.840674306343183,0.029901389564786638,0.09815033721233316,0.8931653896647889,0.8300329041116581,0.04606857706630041
pspnet,resnet18,zscore,same-dataset,252,1243,11323553,1.7650454425811768,0.09992093488586017,0.9001009922687411,0.8410521190394726,0.03209072144495116,0.08148821748415501,0.9111431172463746,0.8519737591977476,0.04178545647670352
pspnet,resnet34,zscore,scratch,252,1243,21431713,2.300454069375992,0.11695997361828028,0.8905146810573047,0.8308790111771919,0.03157627925513282,0.06798413819659649,0.9282479593088238,0.8784522404137486,0.033447295131664424
pspnet,resnet34,zscore,other-dataset,252,1243,21431713,2.0772521507740023,0.10660757442107627,0.8918108588155008,0.8356742488695361,0.029965934181024157,0.06971036955678261,0.921929214428436,0.8638179576502437,0.04038479344712363
pspnet,resnet34,zscore,same-dataset,252,1243,21431713,2.2192799866199495,0.08082807004116085,0.9189183495261453,0.8686746039509485,0.029569356864880002,0.06901253485933774,0.9269684111026631,0.876698690369929,0.032792357905280026
pspnet,vgg11_bn,zscore,scratch,252,1243,10017793,2.3089209604263305,0.12125185895066826,0.8727607011603234,0.80458757048735,0.04285952981029238,0.0832208628471782,0.9068979468924905,0.8459707967523404,0.04633150379809122
pspnet,vgg11_bn,zscore,other-dataset,252,1243,10017793,2.05401535987854,0.0928939520018003,0.9066934171263863,0.8502599703910748,0.028252176910875334,0.08871195223167455,0.9113692899720859,0.8588984942877379,0.03159801011520719
pspnet,vgg11_bn,zscore,same-dataset,252,1243,10017793,2.074972479343414,0.08636948578988748,0.9122418847087882,0.8556832135538851,0.027139132458066182,0.08409520514962755,0.9106440739773591,0.8493739501756713,0.032924263900707636
pspnet,vgg13_bn,zscore,scratch,252,1243,10202689,3.0627580761909483,0.1282485552545718,0.8740520358373346,0.8064728289578869,0.03486454013794187,0.0803295041307843,0.9111842295860726,0.850840188760673,0.04864707861154798
pspnet,vgg13_bn,zscore,other-dataset,252,1243,10202689,3.0501251125335695,0.0856616546850193,0.915052917247229,0.8603299314325507,0.029311518583978926,0.07702154825027202,0.9236375965231959,0.8737432632538358,0.030756443029358274
pspnet,vgg13_bn,zscore,same-dataset,252,1243,10202689,3.058924152851105,0.11379924222335447,0.892739163803076,0.8326123639257896,0.02713319934194996,0.06934668758489965,0.926851086911902,0.8731439936477526,0.031187062166512958
pspnet,vgg19_bn,zscore,scratch,252,1243,20827201,4.192938556671143,0.09299867660742274,0.9064148260716556,0.8487241576970439,0.03751879883190942,0.08604993862388409,0.9094604475308309,0.8461223043747133,0.03921936842657271
pspnet,vgg19_bn,zscore,other-dataset,252,1243,20827201,4.170098233222961,0.11045997799018267,0.8995957512675229,0.8411470370626412,0.027927745784085894,0.08423154211917043,0.9164215914203769,0.8605729116131391,0.030943875629750508
pspnet,vgg19_bn,zscore,same-dataset,252,1243,20827201,4.1734592056274415,0.08352432226760677,0.9199420348924682,0.8686740983424414,0.02169726587950237,0.06909626555701752,0.9294900211325021,0.8806978933099576,0.02696198627116188
segformer,efficientnet-b0,zscore,scratch,252,1243,4471869,8.18853888988495,0.11025848354146256,0.8833306666256819,0.8054954428300681,0.02303143318683382,0.11025848354146256,0.8833306666256819,0.8054954428300681,0.02303143318683382
segformer,efficientnet-b0,zscore,other-dataset,252,1243,4471869,8.311838726997376,0.06406855121051123,0.9316884514217116,0.8803384286783822,0.019045505377035293,0.0627429411594463,0.9338959435350168,0.8841664658758972,0.021463753005105352
segformer,efficientnet-b0,zscore,same-dataset,252,1243,4471869,8.469429459571838,0.05885797910458219,0.9409102618646353,0.8963012073851361,0.018418208474204653,0.05106930612426847,0.9470097901642754,0.9047841273865581,0.020358802957667246
segformer,efficientnet-b1,zscore,scratch,252,1243,6977505,11.225527715682983,0.09462679128971008,0.8995499545685821,0.8322597271189609,0.023718352680878033,0.09462679128971008,0.8995499545685821,0.8322597271189609,0.023718352680878033
segformer,efficientnet-b1,zscore,other-dataset,252,1243,6977505,11.0151042842865,0.07170183600577633,0.9287340013806319,0.8756497491297949,0.018195110299284497,0.055847259557544465,0.9414587519577406,0.8944795359936052,0.022357567376087583
segformer,efficientnet-b1,zscore,same-dataset,252,1243,6977505,11.245569581985473,0.04388025253471691,0.9559325212830032,0.9184780650242432,0.018940965098048015,0.04130572929666681,0.9561858825499457,0.9184842903769409,0.024779896532732344
segformer,efficientnet-b2,zscore,scratch,252,1243,8177603,10.97240574836731,0.07686828474243705,0.9191772479351163,0.8590406991739189,0.027363317589911205,0.07686828474243705,0.9191772479351163,0.8590406991739189,0.027363317589911205
segformer,efficientnet-b2,zscore,other-dataset,252,1243,8177603,10.924012804031372,0.06354402974907276,0.9328978792468291,0.8862831471720148,0.017421066140135128,0.04717788140402623,0.947669448146682,0.9075893085998388,0.02191762052594669
segformer,efficientnet-b2,zscore,same-dataset,252,1243,8177603,11.046510982513428,0.05881994416935733,0.9423141648284102,0.8995968756518437,0.017284839724500973,0.04679275190791869,0.9504406292977491,0.9113717244118332,0.022349784209851235
segformer,efficientnet-b3,zscore,scratch,252,1243,11189081,12.223137893676757,0.0946841297411957,0.8993957270946794,0.8342241446816528,0.01974788515104188,0.0946841297411957,0.8993957270946794,0.8342241446816528,0.01974788515104188
segformer,efficientnet-b3,zscore,other-dataset,252,1243,11189081,12.155663719177246,0.05363511547674024,0.9467619936598565,0.9048378561546221,0.017746197917158642,0.048933830450881614,0.9502034973733768,0.9097009760088626,0.016988552870258453
segformer,efficientnet-b3,zscore,same-dataset,252,1243,11189081,12.627108459472657,0.04852379632219133,0.9547254803290026,0.9159859728640544,0.015069341967030176,0.043189819875208486,0.9539547020259252,0.9143029801421653,0.028040057491688503
segformer,efficientnet-b4,zscore,scratch,252,1243,18067945,18.000040292739868,0.07355341401583518,0.9207956056295626,0.8664525980347122,0.02234754687736905,0.07355341401583518,0.9207956056295626,0.8664525980347122,0.02234754687736905
segformer,efficientnet-b4,zscore,other-dataset,252,1243,18067945,14.30619457244873,0.05362828317445224,0.9423938583963261,0.9012987684647307,0.01541967796427863,0.04982820783808456,0.9475041732419812,0.9068557074831458,0.017280711245442195
segformer,efficientnet-b4,zscore,same-dataset,252,1243,18067945,14.44182237625122,0.04690449035105356,0.9548985250324179,0.9174646667578675,0.014745549727526923,0.04124081720412976,0.9574777337685767,0.9215699385369102,0.019215250106912756
segformer,mit_b0,zscore,scratch,252,1243,3711265,6.9855830144882205,0.056769292175242334,0.9423526048852088,0.8967049315583773,0.02514298940225253,0.05247572889777795,0.9447055764478345,0.900607960701756,0.02805878884262509
segformer,mit_b0,zscore,other-dataset,252,1243,3711265,7.3026761722564695,0.055909947196226974,0.9438377911298388,0.8996550467162006,0.0219431971273725,0.055909947196226974,0.9438377911298388,0.8996550467162006,0.0219431971273725
segformer,mit_b0,zscore,same-dataset,252,1243,3711265,6.642903037071228,0.3058077095980042,0.6214086765832509,0.4630970918451311,0.22451771062517922,0.251327624195349,0.7101518998487477,0.5562788107082524,0.235851612355974
segformer,mit_b1,zscore,scratch,252,1243,13671233,7.529889278411865,0.06995559037211242,0.9290830914473591,0.8778294630810223,0.025913607920446093,0.04714710823142615,0.9490393732980865,0.9065468834948367,0.031021975039962738
segformer,mit_b1,zscore,other-dataset,252,1243,13671233,7.3760006141662595,0.050484126030631536,0.9475487174281936,0.9040579523468631,0.029252399054784623,0.04801125268205365,0.9490235674697741,0.9066170165352733,0.0318189679630219
segformer,mit_b1,zscore,same-dataset,252,1243,13671233,7.326467213630676,5.947446625173236,0.18523067816168862,0.10301734134255161,0.45136492214505636,0.42518506216504165,0.39969667310400153,0.25405661846875954,0.45013095745964654
segformer,mobilenet_v2,zscore,scratch,252,1243,2923713,5.840504627227784,0.0916218786280863,0.909025891979951,0.845648157913073,0.02452817571068567,0.08578845719512393,0.9127461869967914,0.854019421295878,0.024803669916258916
segformer,mobilenet_v2,zscore,other-dataset,252,1243,2923713,6.127329587936401,0.06414637909430414,0.93705711533538,0.8891121215237213,0.0182451390262161,0.05825059919686252,0.9402727263643199,0.8946625444070044,0.021458743790548945
segformer,mobilenet_v2,zscore,same-dataset,252,1243,2923713,6.0176655960083005,0.06077457703679968,0.9398422732241961,0.8939676246428241,0.020160247054364946,0.054778089115961076,0.9439459898159184,0.8992521150977211,0.023000387563591913
segformer,mobileone_s0,zscore,scratch,252,1243,4982065,15.775540437698364,0.18928814750713202,0.8107678661975569,0.7023889669370766,0.039121547152125645,0.18928814750713202,0.8107678661975569,0.7023889669370766,0.039121547152125645
segformer,mobileone_s0,zscore,other-dataset,252,1243,4982065,18.548869075775148,0.09937223512754263,0.9075728713363194,0.847150461575914,0.01825804269266507,0.06288152454197647,0.9348582929885877,0.8846196518343299,0.02463913555183108
segformer,mobileone_s0,zscore,same-dataset,252,1243,4982065,16.24196027755737,0.06013755584233055,0.9440075137014842,0.8978693157266631,0.018175253748065896,0.05886228886086041,0.9426329882031761,0.8955732508235081,0.023681616381047262
segformer,mobileone_s1,zscore,scratch,252,1243,4421505,8.890552911758423,0.20931951628513903,0.7882367631454958,0.6743143913924262,0.03843453763023255,0.19817262700940944,0.7886451525929851,0.6751250702818842,0.04332803591849312
segformer,mobileone_s1,zscore,other-dataset,252,1243,4421505,8.138396158218384,0.0883401826515566,0.9156227119488766,0.8564787095147376,0.016690069011279514,0.07377936593942458,0.9290815638805338,0.8769143841866994,0.017250499525477015
segformer,mobileone_s1,zscore,same-dataset,252,1243,4421505,7.869341111183166,0.07068519547509744,0.9331375415154455,0.883257583562923,0.016806507926611675,0.06797065844194408,0.9322106352949564,0.8809902393712407,0.02202489883417175
segformer,mobileone_s2,zscore,scratch,252,1243,6958721,7.848877725601196,0.16295252407714425,0.8448525829269151,0.7482395356255774,0.02927345498686745,0.13967711343606057,0.8560789135896862,0.7630484750552803,0.03695241261332754
segformer,mobileone_s2,zscore,other-dataset,252,1243,6958721,7.936644144058228,0.0793658969257018,0.9258484169061588,0.8725514761018638,0.015251570277743869,0.07464588846492844,0.9253639150605697,0.8706212400526935,0.021806458513888103
segformer,mobileone_s2,zscore,same-dataset,252,1243,6958721,8.05418848991394,0.07232977883861799,0.9299255188491587,0.8801419763726183,0.015093985117144056,0.06248127767997506,0.935650894551726,0.8875582342846012,0.023118956191908745
segformer,mobileone_s3,zscore,scratch,252,1243,9302017,7.968619165420532,0.21259639312064368,0.7961166915832176,0.6795549164447493,0.028715859980337204,0.17297111808870075,0.8165950721439966,0.7085137670306745,0.03603317709787497
segformer,mobileone_s3,zscore,other-dataset,252,1243,9302017,8.037895350456237,0.08824705954098644,0.9162678361802167,0.86007608949227,0.014462466277773417,0.07042273500228446,0.9303683989103628,0.8803095031149044,0.015560344216369447
segformer,mobileone_s3,zscore,same-dataset,252,1243,9302017,7.88341600894928,0.0811748322240307,0.9244343580397885,0.871307102979812,0.013672348614486437,0.06504516269972702,0.9389477804219253,0.8928946305548867,0.015044582475508963
segformer,mobileone_s4,zscore,scratch,252,1243,14164585,10.706360273361206,0.17203702527673034,0.8341412517397229,0.7400945926614088,0.021378352292000302,0.11439028499784339,0.8837277357940797,0.8071063729130445,0.027258262629546816
segformer,mobileone_s4,zscore,other-dataset,252,1243,14164585,10.948692808151245,0.07812716991116898,0.9259936201505286,0.8727173897305134,0.013420052826404572,0.07300373276490313,0.9261262787030957,0.8731712723392109,0.019490015589528613
segformer,mobileone_s4,zscore,same-dataset,252,1243,14164585,10.834417915344238,0.07630431887634512,0.930370086062271,0.8796085663025933,0.013637454544622746,0.06725562878150855,0.933965725181377,0.8845489272549568,0.021100377663969994
segformer,resnet18,zscore,scratch,252,1243,11762113,3.6652268981933593,0.07677610868877302,0.9253378658647606,0.874428920945331,0.022457168984507756,0.05041684624487991,0.9469017479943347,0.9048789984165232,0.023890651792051302
segformer,resnet18,zscore,other-dataset,252,1243,11762113,3.9164409542083742,0.057232317518463846,0.9424729305031025,0.8994073238664353,0.01647338056789031,0.042079180982548293,0.9535188720960917,0.9148992260712726,0.02056972815522126
segformer,resnet18,zscore,same-dataset,252,1243,11762113,3.6285734605789184,0.04765334011490845,0.951006214175604,0.9129455555664946,0.01602755528357294,0.04765334011490845,0.951006214175604,0.9129455555664946,0.01602755528357294
segformer,resnet34,zscore,scratch,252,1243,21870273,4.867504653930664,0.06997654268147958,0.9292825421113117,0.8795835912371487,0.027554338620532127,0.04949998575070167,0.9454565002183615,0.9001011998060722,0.033803516437136936
segformer,resnet34,zscore,other-dataset,252,1243,21870273,4.9202758312225345,0.05300442429674506,0.9434695704177034,0.9035037271648477,0.017573694535900675,0.04220854626460509,0.9542580103548132,0.9174564143677248,0.01959681197527855
segformer,resnet34,zscore,same-dataset,252,1243,21870273,4.836451840400696,0.04107255873151201,0.9584805088856483,0.9249106796154166,0.015550781277910111,0.03989745659434498,0.9553501538854401,0.9193453385958438,0.02659032384436282
segformer,vgg11_bn,zscore,scratch,252,1243,10046081,3.50831520318985,0.08030766270880918,0.9126280737038304,0.8571124337703493,0.037717577483918935,0.06672910872430257,0.927315611467185,0.8768610432564206,0.0387710432211558
segformer,vgg11_bn,zscore,other-dataset,252,1243,10046081,3.491816954612732,0.04690721618162943,0.9489646859449048,0.9101243943623353,0.01895461973571588,0.0395893203072124,0.9555714116974982,0.9173172768909703,0.032544471766977084
segformer,vgg11_bn,zscore,same-dataset,252,1243,10046081,3.501537277698517,0.06982059178278989,0.928980222749595,0.8786194790589262,0.0218325060984445,0.044791456210042616,0.9504144059393738,0.9139276206829043,0.02140458667325595
segformer,vgg13_bn,zscore,scratch,252,1243,10230977,4.524876809120178,0.0701538176663154,0.9230375949739931,0.8731082504254047,0.03272185613593412,0.05625558821357073,0.9414123633362455,0.8957443206615249,0.03378713574437868
segformer,vgg13_bn,zscore,other-dataset,252,1243,10230977,4.51410943031311,0.05463354996227969,0.9421684828287924,0.8995602692890244,0.02531709832449754,0.05463354996227969,0.9421684828287924,0.8995602692890244,0.02531709832449754
segformer,vgg13_bn,zscore,same-dataset,252,1243,10230977,4.52620032787323,0.06213658123201453,0.93711652088242,0.8930738093099188,0.016612351561586063,0.04776402110906733,0.9497896295733157,0.911604974122174,0.020727423744069204
segformer,vgg19_bn,zscore,scratch,252,1243,20855489,5.80577214717865,0.06910238600218382,0.9253573981582015,0.871860583559314,0.05017941066670039,0.06099447238761767,0.9339229295259508,0.8835281339846401,0.04569647094560048
segformer,vgg19_bn,zscore,other-dataset,252,1243,20855489,5.82800639629364,0.0687189734423247,0.9310950688172615,0.8832652589916128,0.020371357540762615,0.04838184677873613,0.9486412806368987,0.909997958093522,0.0220749509772138
segformer,vgg19_bn,zscore,same-dataset,252,1243,20855489,5.821058869361877,0.0411046307836678,0.9589318830163269,0.926057207900866,0.018984107448468134,0.04086002268718311,0.9573354698052257,0.9231851152710059,0.02228107341816501
unet++,efficientnet-b0,zscore,scratch,252,1243,6569005,9.301745977401733,0.1101208143745424,0.8876134046890615,0.8122389629207497,0.022392537622224717,0.1101208143745424,0.8876134046890615,0.8122389629207497,0.022392537622224717
unet++,efficientnet-b0,zscore,other-dataset,252,1243,6569005,9.532689599990844,0.09193118623879679,0.9057946964702775,0.8559084544715053,0.01758797849631972,0.06592773565196837,0.9332026997978229,0.8876750801037323,0.018868994973008594
unet++,efficientnet-b0,zscore,same-dataset,252,1243,6569005,9.09396032333374,0.06823180467249977,0.9351062437074374,0.886160586595727,0.017939791970309756,0.05472930696098342,0.945638381945732,0.90280160420572,0.023766698818358165
unet++,efficientnet-b1,zscore,scratch,252,1243,9074641,12.057050819396972,0.14003236199806318,0.8610595398532318,0.7874329732678537,0.021416154941396107,0.12376240714605259,0.8716339416688043,0.8011901639491823,0.0230443538831813
unet++,efficientnet-b1,zscore,other-dataset,252,1243,9074641,12.003317422866822,0.056133404356140525,0.947701718091773,0.9052632317270661,0.018010151232518846,0.05229479262690724,0.9487703857360497,0.9078875209473835,0.020199734924568072
unet++,efficientnet-b1,zscore,same-dataset,252,1243,9074641,11.972856302261352,0.05009323196097525,0.9529579312975908,0.9145788321644667,0.017626559066157493,0.04638755794132034,0.9547323555305708,0.9183726444996276,0.019686127909355693
unet++,efficientnet-b2,zscore,scratch,252,1243,10400723,12.120629749298097,0.14557743562821507,0.8583238284048876,0.7852014910282862,0.021645302632971417,0.14557743562821507,0.8583238284048876,0.7852014910282862,0.021645302632971417
unet++,efficientnet-b2,zscore,other-dataset,252,1243,10400723,11.995196161270142,0.06209014308783477,0.9416005218211241,0.8995216665781992,0.018753172415826056,0.05755018543568908,0.9455418467809381,0.9050254837122064,0.01992542373519095
unet++,efficientnet-b2,zscore,same-dataset,252,1243,10400723,11.982971849441528,0.03884328596971252,0.9622440000550937,0.9301497351231348,0.01696300066061436,0.03884328596971252,0.9622440000550937,0.9301497351231348,0.01696300066061436
unet++,efficientnet-b3,zscore,scratch,252,1243,13624073,13.957382707595825,0.1014073989200477,0.8982504524728125,0.8292341301351043,0.020495736808885657,0.1014073989200477,0.8982504524728125,0.8292341301351043,0.020495736808885657
unet++,efficientnet-b3,zscore,other-dataset,252,1243,13624073,14.21949598312378,0.046880108059315743,0.9548869865705961,0.9170810410982164,0.01891501499192109,0.046880108059315743,0.9548869865705961,0.9170810410982164,0.01891501499192109
unet++,efficientnet-b3,zscore,same-dataset,252,1243,13624073,14.166417942047119,0.047626132950222694,0.954566875006629,0.9164810027216868,0.016971955371517983,0.0385041192971164,0.9636209814757565,0.931711710947517,0.01840656694202196
unet++,efficientnet-b4,zscore,scratch,252,1243,20812249,16.7589289188385,0.14779621233215087,0.8502939950048396,0.7698882759720302,0.02496135835018423,0.14779621233215087,0.8502939950048396,0.7698882759720302,0.02496135835018423
unet++,efficientnet-b4,zscore,other-dataset,252,1243,20812249,56.61168815612793,0.05798893308001762,0.9450865720225646,0.9013473375708656,0.02207845768758229,0.04345498153713569,0.9578811771334512,0.9228913022545395,0.019615696477038518
unet++,efficientnet-b4,zscore,same-dataset,252,1243,20812249,16.246630048751832,0.03955067254524987,0.9632913139877258,0.9314411958186548,0.016575941904669718,0.03955067254524987,0.9632913139877258,0.9314411958186548,0.016575941904669718
unet++,mit_b0,zscore,scratch,ERROR,ERROR,ERROR,ERROR,ERROR,ERROR,ERROR,ERROR,ERROR,ERROR,ERROR
unet++,mit_b0,zscore,other-dataset,ERROR,ERROR,ERROR,ERROR,ERROR,ERROR,ERROR,ERROR,ERROR,ERROR,ERROR
unet++,mit_b0,zscore,same-dataset,ERROR,ERROR,ERROR,ERROR,ERROR,ERROR,ERROR,ERROR,ERROR,ERROR,ERROR
unet++,mit_b1,zscore,scratch,ERROR,ERROR,ERROR,ERROR,ERROR,ERROR,ERROR,ERROR,ERROR,ERROR,ERROR
unet++,mit_b1,zscore,other-dataset,ERROR,ERROR,ERROR,ERROR,ERROR,ERROR,ERROR,ERROR,ERROR,ERROR,ERROR
unet++,mit_b1,zscore,same-dataset,ERROR,ERROR,ERROR,ERROR,ERROR,ERROR,ERROR,ERROR,ERROR,ERROR,ERROR
unet++,mobilenet_v2,zscore,scratch,252,1243,6824145,6.2742531204223635,0.08679642458764757,0.915028496126158,0.8585758470088747,0.024757471467767442,0.07664083940601119,0.9205746416688828,0.8657014809207195,0.026522614741845738
unet++,mobilenet_v2,zscore,other-dataset,252,1243,6824145,6.322551670074463,0.06485203674553099,0.9380895878553198,0.8930668919103719,0.01745453459166345,0.06177053760590327,0.937768892041158,0.8926042846777894,0.0218319631226006
unet++,mobilenet_v2,zscore,same-dataset,252,1243,6824145,6.159104018211365,0.07400289912762799,0.931805467183611,0.8825165298995911,0.01660051652126842,0.06422238645300402,0.9350955131450969,0.885671641302991,0.02284847560619551
unet++,mobileone_s0,zscore,scratch,252,1243,9883457,19.406670665740968,0.1260368287179706,0.8681390145471378,0.7829382659347424,0.029567269105759877,0.1260368287179706,0.8681390145471378,0.7829382659347424,0.029567269105759877
unet++,mobileone_s0,zscore,other-dataset,252,1243,9883457,19.145554008483888,0.06028389084367913,0.940620730792143,0.8943620184593783,0.022087400187812155,0.06028389084367913,0.940620730792143,0.8943620184593783,0.022087400187812155
unet++,mobileone_s0,zscore,same-dataset,252,1243,9883457,19.33523126602173,0.08029197455231739,0.9262171251967561,0.8727424879373319,0.019363115615551433,0.06737511682047637,0.9329402452501095,0.8809374090365029,0.024960039804379146
unet++,mobileone_s1,zscore,scratch,252,1243,12327889,11.015007305145264,0.18805178364533526,0.8125385921613305,0.7115131683725555,0.03123518277610105,0.12677923787148462,0.8620149231877714,0.7749697991368854,0.05737066647363088
unet++,mobileone_s1,zscore,other-dataset,252,1243,12327889,11.041530542373657,0.08304588117862266,0.922549677393845,0.8665548567798765,0.01747864218694823,0.06970646300099113,0.9337938689264864,0.8815032501711734,0.02297504089536175
unet++,mobileone_s1,zscore,same-dataset,252,1243,12327889,11.162604761123657,0.06949486758497005,0.9353588615227206,0.8862967487313722,0.016372331743320777,0.06949486758497005,0.9353588615227206,0.8862967487313722,0.016372331743320777
unet++,mobileone_s2,zscore,scratch,252,1243,18047953,11.288402519226075,0.12417779644697977,0.8744945480088888,0.7974487390617929,0.02967590501620656,0.11403521170130873,0.8746333678499499,0.7920905325744579,0.042635749907247604
unet++,mobileone_s2,zscore,other-dataset,252,1243,18047953,11.212863721847533,0.09635498447228322,0.9097068376917083,0.8522424444688105,0.01834285504642933,0.06671360012200793,0.937471356012125,0.8898704050053345,0.017757913570791956
unet++,mobileone_s2,zscore,same-dataset,252,1243,18047953,11.414541807174682,0.07918697763429183,0.9274504109917393,0.8767235844919783,0.015195339504215453,0.06592412390360311,0.9357011423701733,0.8866896832651029,0.024109035759927736
unet++,resnet18,zscore,scratch,252,1243,15964177,6.095723209381103,0.05099398090128734,0.9456398128408247,0.9033499922564407,0.02513913715642596,0.04597654703432096,0.9538779354632524,0.917323262098808,0.03378034649150712
unet++,resnet18,zscore,other-dataset,252,1243,15964177,6.19134304523468,0.05688429398466672,0.9441420914948419,0.9066472793910547,0.015916491548220318,0.04691646409341623,0.9539576405397079,0.9176824129308699,0.017882081428690563
unet++,resnet18,zscore,same-dataset,252,1243,15964177,6.182343020439148,0.04502116362485594,0.9567240479485412,0.9224786390149584,0.016931435773296963,0.040394695968706575,0.9607155754598801,0.9281973228853553,0.02150745571605743
unet++,resnet34,zscore,scratch,252,1243,26072337,7.908064637184143,0.051488744917648606,0.9472627409599715,0.9064405000890731,0.0358251120362963,0.05067914937138078,0.9474944561983631,0.9100502210572565,0.03684271552733013
unet++,resnet34,zscore,other-dataset,252,1243,26072337,7.6226348972320555,0.050230280068356094,0.9534843817700902,0.9168823530668226,0.014794768529042365,0.04818822391936593,0.9520654133607185,0.9117192247656211,0.01983775958300583
unet++,resnet34,zscore,same-dataset,252,1243,26072337,7.700861449241638,0.04047236272095675,0.9617321124886277,0.930957858637275,0.016523828936947718,0.04047236272095675,0.9617321124886277,0.930957858637275,0.016523828936947718
